Workbook

Sheet kalyan
B1: Qurter1 | C1: Qurter 2 | D1: Qurter 3
A2: 2024 | B2: 0 | C2: 18 | D2: 16
A3: 2025 | B3: 13 | C3: 12 | D3: 18
A4: 2026 | B4: 19 | C4: 14 | D4: 12

Sheet thane
B1: Qurter1 | C1: Qurter 2 | D1: Qurter 3
A2: 2024 | B2: 0 | C2: 11 | D2: 14
A3: 2025 | B3: 14 | C3: 20 | D3: 19
A4: 2026 | B4: 17 | C4: 18 | D4: 13

Sheet mulund
B1: Qurter1 | C1: Qurter 2 | D1: Qurter 3
A2: 2024 | B2: 0 | C2: 14 | D2: 11
A3: 2025 | B3: 12 | C3: 19 | D3: 17
A4: 2026 | B4: 11 | C4: 12 | D4: 19

Sheet consolidiation
C1: Qurter1 | D1: Qurter 2 | E1: Qurter 3
B2: Book1 | C2: =kalyan!$B$2 -> 0 | D2: =kalyan!$C$2 -> 18 | E2: =kalyan!$D$2 -> 16
B3: Book1 | C3: =mulund!$B$2 -> 0 | D3: =mulund!$C$2 -> 14 | E3: =mulund!$D$2 -> 11
B4: Book1 | C4: =thane!$B$2 -> 0 | D4: =thane!$C$2 -> 11 | E4: =thane!$D$2 -> 14
A5: 2024 | C5: =SUM(C2:C4) -> 0 | D5: =SUM(D2:D4) -> 43 | E5: =SUM(E2:E4) -> 41
B6: Book1 | C6: =kalyan!$B$3 -> 13 | D6: =kalyan!$C$3 -> 12 | E6: =kalyan!$D$3 -> 18
B7: Book1 | C7: =mulund!$B$3 -> 12 | D7: =mulund!$C$3 -> 19 | E7: =mulund!$D$3 -> 17
B8: Book1 | C8: =thane!$B$3 -> 14 | D8: =thane!$C$3 -> 20 | E8: =thane!$D$3 -> 19
A9: 2025 | C9: =SUM(C6:C8) -> 39 | D9: =SUM(D6:D8) -> 51 | E9: =SUM(E6:E8) -> 54
B10: Book1 | C10: =kalyan!$B$4 -> 19 | D10: =kalyan!$C$4 -> 14 | E10: =kalyan!$D$4 -> 12
B11: Book1 | C11: =mulund!$B$4 -> 11 | D11: =mulund!$C$4 -> 12 | E11: =mulund!$D$4 -> 19
B12: Book1 | C12: =thane!$B$4 -> 17 | D12: =thane!$C$4 -> 18 | E12: =thane!$D$4 -> 13
A13: 2026 | C13: =SUM(C10:C12) -> 47 | D13: =SUM(D10:D12) -> 44 | E13: =SUM(E10:E12) -> 44
